
-- PROGRESSION 1:

--1. Insert into city
INSERT INTO CITY(ID,NAME) VALUES(1,'AUSTRIA');
INSERT INTO CITY(ID,NAME) VALUES(2,'BANGLORE');
--2. Insert into referee
INSERT INTO REFEREE(ID,NAME) VALUES(1,'VIVO');
INSERT INTO REFEREE(ID,NAME) VALUES(2,'OPPO');
--3. Insert into innings
INSERT INTO INNINGS(ID,INNINGS_NUMBER) VALUES(1,1);
INSERT INTO INNINGS(ID,INNINGS_NUMBER) VALUES(2,2);
--4. Insert into extra_type
INSERT INTO EXTRA_TYPE(ID,NAME) VALUES(1,'ELEVENS');
INSERT INTO EXTRA_TYPE(ID,NAME) VALUES(2,'SEVEN');
--5. Insert into skill
INSERT INTO SKILL(ID,NAME) VALUES(1,'RUNNING');
INSERT INTO SKILL(ID,NAME) VALUES(2,'ENERGETIC');
--6. Insert into team
INSERT INTO TEAM(ID, NAME, COACH, HOME_CITY, CAPTION) VALUES(1,'MUMBAI INDIANS', 'MAHENDRA', 1,1);
INSERT INTO TEAM(ID, NAME, COACH, HOME_CITY, CAPTION) VALUES(2,'KKR', 'SHARUKH', 2,2);

--7. Insert into player
INSERT INTO PLAYER(ID, NAME, COUNTRY, SKILL_ID, TEAM_ID) VALUES(1,'NAYAN', 'MUMBAI', 1,1);
INSERT INTO PLAYER(ID, NAME, COUNTRY, SKILL_ID, TEAM_ID) VALUES(2,'KUNDAN', 'PUNE', 2,2);
--8. Insert into venue
INSERT INTO VENUE(ID, STADIUM_NAME, CITY_ID) VALUES(1,'LAXMIBAI',2);
INSERT INTO VENUE(ID, STADIUM_NAME, CITY_ID) VALUES(2,'ALEXICA',1);
--9. Insert into event
INSERT INTO EVENT(ID, INNINGS_ID, EVENT_NO, RAIDER_ID, RAID_POINTS, DEFENDING_POINTS, CLOCK_IN_SECONDS, TEAM_ONE_SCORE, TEAM_TWO_SCORE) 
VALUES(1,1,101,1,1000,1000,10,3000,4000);
INSERT INTO EVENT(ID, INNINGS_ID, EVENT_NO, RAIDER_ID, RAID_POINTS, DEFENDING_POINTS, CLOCK_IN_SECONDS, TEAM_ONE_SCORE, TEAM_TWO_SCORE) 
VALUES(2,2,102,2,2000,1000,50,4000,5000);
--10. Insert into extra_event
INSERT INTO EXTRA_EVENT(ID, EVENT_ID, EXTRA_TYPE_ID, POINTS, SCORING_TEAM_ID) VALUES(1,1,1,5000,1); 
INSERT INTO EXTRA_EVENT(ID, EVENT_ID, EXTRA_TYPE_ID, POINTS, SCORING_TEAM_ID) VALUES(2,2,2,8000,2);
--11. Insert into outcome
INSERT INTO OUTCOME(ID, STATUS, WINNER_TEAM_ID, SCORE, PLAYER_OF_MATCH) VALUES(1,'WINNER',2,8000,2);
--12. Insert into game
INSERT INTO GAME(ID, game_date, team_id_1, team_id_2, venue_id,outcome_id,referee_id_1,referee_id_2,first_innings_id,second_innings_id)
VALUES(1,'17/12/2015',1,2,1,1,1,2,1,2);
--13. Update player table
UPDATE PLAYER SET country = 'America' where  id = 1;
--14. Update player table
UPDATE PLAYER SET country = 'japan', name = 'Nikhil' where  id = 2;
--15. Update player table
UPDATE PLAYER SET name = 'crystler'  where  id = 2 and country = 'japan';
--16. Update player table
UPDATE PLAYER SET country = 'Berlin'  where country = 'japan';
--17. Delete from extra_type
DELETE FROM EXTRA_TYPE WHERE NAME='SEVEN';
--18. Delete from referee
DELETE FROM REFEREE WHERE NAME='OPPO';
--19. Delete from player
DELETE FROM PLAYER WHERE NAME='CRYSTLER' AND ID>1;
--20. Delete from outcome
DELETE FROM OUTCOME WHERE SCORE>5000 AND ID=1;